"ID","Description","GeneRatio","BgRatio","RichFactor","FoldEnrichment","zScore","pvalue","p.adjust","qvalue","geneID","Count"
"GO:0010494","cytoplasmic stress granule","7/250","89/14784",0.0786516853932584,4.65114606741573,4.53104244629083,0.000770807376421333,0.0368680992291104,0.0368680992291104,"AT-HSC70-1/ATRBP47B/ATMAPK3/AtPRX71/ATSGS3/CML38/ATRHM1",7
"GO:0000138","Golgi trans cisterna","6/250","69/14784",0.0869565217391304,5.14226086956522,4.52314565560539,0.00108388712961308,0.0368680992291104,0.0368680992291104,"OSU1/AtMUR3/NA/NA/GAE1/PRA1.B1",6
"GO:0005618","cell wall","16/250","399/14784",0.0401002506265664,2.37136842105263,3.64203717316433,0.00127616533163625,0.0368680992291104,0.0368680992291104,"WAKL1/AtPRX25/AtSAMS3/AT-HSC70-1/RALF33/ATHS83/ATCHITIV/UGD3/XTH23/FER/AtPRX71/sks5/ACT3/NA/AtXTH22/BIP",16
"GO:0030312","external encapsulating structure","16/250","413/14784",0.0387409200968523,2.29098305084746,3.48988235094241,0.00181634234903087,0.0368680992291104,0.0368680992291104,"WAKL1/AtPRX25/AtSAMS3/AT-HSC70-1/RALF33/ATHS83/ATCHITIV/UGD3/XTH23/FER/AtPRX71/sks5/ACT3/NA/AtXTH22/BIP",16
"GO:0031984","organelle subcompartment","18/250","500/14784",0.036,2.128896,3.36800502261491,0.0021575151595553,0.0368680992291104,0.0368680992291104,"AtHMGR1/AtDOK1/OSU1/AtMUR3/ACA2/NA/NA/ATUTR3/CC1/AtIPCS1/NA/GAE1/ATCSLD3/ATVAMP726/NA/PRA1.B1/CYP94C1/ATSEB1",18
"GO:0009505","plant-type cell wall","15/250","383/14784",0.0391644908616188,2.31603133159269,3.42237823723243,0.00225723056504758,0.0368680992291104,0.0368680992291104,"WAKL1/AtPRX25/AtSAMS3/AT-HSC70-1/RALF33/ATHS83/ATCHITIV/UGD3/XTH23/AtPRX71/sks5/ACT3/NA/AtXTH22/BIP",15
