"category","subcategory","ID","Description","GeneRatio","BgRatio","RichFactor","FoldEnrichment","zScore","pvalue","p.adjust","qvalue","geneID","Count"
"Metabolism","Lipid metabolism","ath00592","alpha-Linolenic acid metabolism","6/79","27/3721",0.222222222222222,10.4669479606188,7.27040277648478,1.56929839707231e-05,0.000501221039407827,0.000424547079313729,"AT1G13280/AT4G13010/AT1G17420/AT2G06050/AT2G33150/AT5G42650",6
"Organismal Systems","Environmental adaptation","ath04626","Plant-pathogen interaction","12/79","132/3721",0.0909090909090909,4.2819332566168,5.65385968325754,1.61684206260589e-05,0.000501221039407827,0.000424547079313729,"AT3G45640/AT5G51060/AT4G33430/AT3G20410/AT2G26640/AT1G66400/AT3G57530/AT5G47910/AT2G17290/AT4G26470/AT1G76650/AT5G52640",12
