"ID","Description","GeneRatio","BgRatio","RichFactor","FoldEnrichment","zScore","pvalue","p.adjust","qvalue","geneID","Count"
"GO:0010817","regulation of hormone levels","13/233","182/11377",0.0714285714285714,3.48773758430411,4.89193201654072,9.32975086993619e-05,0.0289298278191023,0.021900298250555,"ARF3/AtCOMT/AtYUC6/ATMKK2/ALA9/AtIAMT1/BAS1/ATCKX5/APM1/ILL6/ABCB19/ASMT/ABCG14",13
"GO:0006955","immune response","14/233","214/11377",0.0654205607476635,3.19437647908227,4.68575701829807,0.000129218627370244,0.0289298278191023,0.021900298250555,"AT-SYR1/IGP2/LecRK-IX.1/CRK25/AtCERK1/RDA2/CRK10/LecRK-IX.2/B120/ATGLR3.6/IGP4/NA/ARK3/AtMLKL1",14
"GO:0002376","immune system process","14/233","218/11377",0.0642201834862385,3.13576406662204,4.60384913773685,0.000157062716163904,0.0289298278191023,0.021900298250555,"AT-SYR1/IGP2/LecRK-IX.1/CRK25/AtCERK1/RDA2/CRK10/LecRK-IX.2/B120/ATGLR3.6/IGP4/NA/ARK3/AtMLKL1",14
"GO:0098542","defense response to other organism","16/233","275/11377",0.0581818181818182,2.84092079594226,4.46841025316577,0.000170044509736415,0.0289298278191023,0.021900298250555,"AT-SYR1/IGP2/LecRK-IX.1/CRK25/AtCERK1/ATMKK2/CRK10/LecRK-IX.2/NA/ILL6/ATGLR3.6/IGP4/NA/AtMLKL1/ATL6/LRR4",16
"GO:0006468","protein phosphorylation","16/233","276/11377",0.0579710144927536,2.83062760465261,4.45169802784876,0.000177266101832734,0.0289298278191023,0.021900298250555,"GRACE/AtCERK1/ATMKK2/NA/RDA2/NA/LRK10L2/LecRK-IX.2/HT1/ATCDPK3/ATCLV1/IGP4/AtMLKL1/ATPPCK1/NA/APK2B",16
"GO:0042445","hormone metabolic process","8/233","84/11377",0.0952380952380952,4.65031677907214,4.85531861257786,0.000313471587555862,0.0426321359075973,0.0322731437349961,"ARF3/AtCOMT/AtYUC6/AtIAMT1/BAS1/ATCKX5/ILL6/ASMT",8
