"ID","Description","GeneRatio","BgRatio","RichFactor","FoldEnrichment","zScore","pvalue","p.adjust","qvalue","geneID","Count"
"GO:0071456","cellular response to hypoxia","13/202","158/11377",0.0822784810126582,4.63407068554957,6.18431425964063,4.58467130073914e-06,0.00148036033452027,0.000763348142460162,"PFK3/AHB1/HUP54/ADH/HUP43/NA/WIP3/RGAT1/HUP44/LBD41/HRA1/FMO1/NA",13
"GO:0036294","cellular response to decreased oxygen levels","13/202","160/11377",0.08125,4.5761448019802,6.12468048888876,5.26818624384438e-06,0.00148036033452027,0.000763348142460162,"PFK3/AHB1/HUP54/ADH/HUP43/NA/WIP3/RGAT1/HUP44/LBD41/HRA1/FMO1/NA",13
"GO:0071453","cellular response to oxygen levels","13/202","160/11377",0.08125,4.5761448019802,6.12468048888876,5.26818624384438e-06,0.00148036033452027,0.000763348142460162,"PFK3/AHB1/HUP54/ADH/HUP43/NA/WIP3/RGAT1/HUP44/LBD41/HRA1/FMO1/NA",13
"GO:0001666","response to hypoxia","13/202","180/11377",0.0722222222222222,4.06768426842684,5.57754115081967,1.8901622119333e-05,0.0033541703188363,0.00172957868613011,"PFK3/AHB1/HUP54/ADH/HUP43/NA/WIP3/RGAT1/HUP44/LBD41/HRA1/FMO1/NA",13
"GO:0036293","response to decreased oxygen levels","13/202","183/11377",0.0710382513661202,4.00100091976411,5.50231858667635,2.25335052986208e-05,0.0033541703188363,0.00172957868613011,"PFK3/AHB1/HUP54/ADH/HUP43/NA/WIP3/RGAT1/HUP44/LBD41/HRA1/FMO1/NA",13
"GO:0070482","response to oxygen levels","13/202","184/11377",0.0706521739130435,3.979256349548,5.47759910309825,2.38730983547068e-05,0.0033541703188363,0.00172957868613011,"PFK3/AHB1/HUP54/ADH/HUP43/NA/WIP3/RGAT1/HUP44/LBD41/HRA1/FMO1/NA",13
