"ID","Description","GeneRatio","BgRatio","RichFactor","FoldEnrichment","zScore","pvalue","p.adjust","qvalue","geneID","Count"
"GO:0071456","cellular response to hypoxia","9/56","158/11377",0.0569620253164557,11.5724457504521,9.41181419373786,6.6333800285627e-08,9.95832606918951e-06,9.31484903293131e-06,"ADH/LBD41/HUP43/HUP44/NA/HRA1/PFK3/AHB1/ATGSTF5",9
"GO:0036294","cellular response to decreased oxygen levels","9/56","160/11377",0.05625,11.4277901785714,9.34244017241095,7.39479658603182e-08,9.95832606918951e-06,9.31484903293131e-06,"ADH/LBD41/HUP43/HUP44/NA/HRA1/PFK3/AHB1/ATGSTF5",9
"GO:0071453","cellular response to oxygen levels","9/56","160/11377",0.05625,11.4277901785714,9.34244017241095,7.39479658603182e-08,9.95832606918951e-06,9.31484903293131e-06,"ADH/LBD41/HUP43/HUP44/NA/HRA1/PFK3/AHB1/ATGSTF5",9
"GO:0001666","response to hypoxia","9/56","180/11377",0.05,10.1580357142857,8.71032091992959,2.03209804165685e-07,1.65010304371535e-05,1.54347835511675e-05,"ADH/LBD41/HUP43/HUP44/NA/HRA1/PFK3/AHB1/ATGSTF5",9
"GO:0036293","response to decreased oxygen levels","9/56","183/11377",0.0491803278688525,9.99151053864169,8.62406380979863,2.33954525947429e-07,1.65010304371535e-05,1.54347835511675e-05,"ADH/LBD41/HUP43/HUP44/NA/HRA1/PFK3/AHB1/ATGSTF5",9
"GO:0070482","response to oxygen levels","9/56","184/11377",0.0489130434782609,9.93720885093168,8.59575397138431,2.45064808472577e-07,1.65010304371535e-05,1.54347835511675e-05,"ADH/LBD41/HUP43/HUP44/NA/HRA1/PFK3/AHB1/ATGSTF5",9
"GO:0080092","regulation of pollen tube growth","3/56","31/11377",0.0967741935483871,19.6607142857143,7.31701812358182,0.000460498944804397,0.0265773676715681,0.024860018223275,"ATGSL02/CPK24/ATEXO70C2",3
