"ID","Description","GeneRatio","BgRatio","RichFactor","FoldEnrichment","zScore","pvalue","p.adjust","qvalue","geneID","Count"
"GO:0030312","external encapsulating structure","13/120","413/14784",0.0314769975786925,3.87796610169492,5.36615102011008,3.04746600461517e-05,0.00301699134456902,0.00266252293034799,"AtHsp90.4/NA/ATHM4/ATEXLA1/AT-HSC70-1/ATLMCO4/UGD3/ATCHITIV/AtBOR1/AtSAMS3/AtXTH22/AtPRX25/ATCNX1",13
"GO:0009505","plant-type cell wall","12/120","383/14784",0.031331592689295,3.86005221932115,5.13006313457889,6.54232291233824e-05,0.00318644832445974,0.00281207029165506,"AtHsp90.4/NA/ATHM4/ATEXLA1/AT-HSC70-1/ATLMCO4/UGD3/ATCHITIV/AtSAMS3/AtXTH22/AtPRX25/ATCNX1",12
"GO:0005618","cell wall","12/120","399/14784",0.0300751879699248,3.70526315789474,4.95549130292653,9.65590401351436e-05,0.00318644832445974,0.00281207029165506,"AtHsp90.4/NA/ATHM4/ATEXLA1/AT-HSC70-1/ATLMCO4/UGD3/ATCHITIV/AtSAMS3/AtXTH22/AtPRX25/ATCNX1",12
