"ID","Description","GeneRatio","BgRatio","RichFactor","FoldEnrichment","zScore","pvalue","p.adjust","qvalue","geneID","Count"
"GO:0005618","cell wall","29/295","399/14784",0.0726817042606516,3.64246208742194,7.63507609775478,1.88912953471783e-09,1.10598037481221e-07,1.10598037481221e-07,"PRX52/GAL1/NA/LAC5/AtBBE18/ATPMEPCRA/GASA6/CEP1/AtPRX25/PER64/ATLAC17/PER3/PMEI13/ATCNX1/NA/NA/ATCESA8/BGAL3/EXL2/PGLR/ATLTP1/sks5/AtSAMS3/ATCEL3/AtXTH32/NA/ATPA2/RBCS3B/ATEXP4",29
"GO:0009505","plant-type cell wall","28/295","383/14784",0.0731070496083551,3.66377837766075,7.53657874841079,3.20864151934788e-09,1.10598037481221e-07,1.10598037481221e-07,"PRX52/GAL1/NA/LAC5/AtBBE18/ATPMEPCRA/GASA6/CEP1/AtPRX25/PER64/ATLAC17/PER3/PMEI13/ATCNX1/NA/NA/ATCESA8/BGAL3/EXL2/PGLR/ATLTP1/sks5/AtSAMS3/ATCEL3/NA/ATPA2/RBCS3B/ATEXP4",28
"GO:0030312","external encapsulating structure","29/295","413/14784",0.0702179176755448,3.5189887963229,7.40850975832598,4.14742640554578e-09,1.10598037481221e-07,1.10598037481221e-07,"PRX52/GAL1/NA/LAC5/AtBBE18/ATPMEPCRA/GASA6/CEP1/AtPRX25/PER64/ATLAC17/PER3/PMEI13/ATCNX1/NA/NA/ATCESA8/BGAL3/EXL2/PGLR/ATLTP1/sks5/AtSAMS3/ATCEL3/AtXTH32/NA/ATPA2/RBCS3B/ATEXP4",29
"GO:0005774","vacuolar membrane","9/295","141/14784",0.0638297872340425,3.19884601514605,3.74336721333025,0.00208855975129924,0.0417711950259848,0.0417711950259848,"NA/ATRABG3A/ATCHS/UMAMIT5/ALMT12/AtOCT4/MGR1/CST2/ATTT12/NA",9
