"ID","Description","GeneRatio","BgRatio","RichFactor","FoldEnrichment","zScore","pvalue","p.adjust","qvalue","geneID","Count"
"GO:0030312","external encapsulating structure","14/154","413/14784",0.0338983050847458,3.25423728813559,4.76706030858998,0.000106577824889494,0.0126827611618498,0.00274639648703832,"AtHsp90.4/AtXTH22/UGD3/NA/AtBOR1/AtPRX25/ATLMCO4/ATCNX1/AT-HSC70-1/ATEXLA1/AtSAMS3/ATHM4/PLCL1/ATCHITIV",14
"GO:0009505","plant-type cell wall","12/154","383/14784",0.031331592689295,3.00783289817232,4.0846054589326,0.000676498625046753,0.0383067226813254,0.00829515333919596,"AtHsp90.4/AtXTH22/UGD3/NA/AtPRX25/ATLMCO4/ATCNX1/AT-HSC70-1/ATEXLA1/AtSAMS3/ATHM4/ATCHITIV",12
"GO:0005618","cell wall","12/154","399/14784",0.0300751879699248,2.88721804511278,3.92078547894892,0.000965715697848539,0.0383067226813254,0.00829515333919596,"AtHsp90.4/AtXTH22/UGD3/NA/AtPRX25/ATLMCO4/ATCNX1/AT-HSC70-1/ATEXLA1/AtSAMS3/ATHM4/ATCHITIV",12
