"ID","Description","GeneRatio","BgRatio","RichFactor","FoldEnrichment","zScore","pvalue","p.adjust","qvalue","geneID","Count"
"GO:0099503","secretory vesicle","16/490","111/14784",0.144144144144144,4.34903474903475,6.55728596740247,7.44559191145515e-07,0.000107216523524954,0.000107216523524954,"PBC1/AtBG3/NA/ATPDI11/AtHsp90-7/AGP8/BIP/UGD2/FLA9/GDPDL4/ATPDI6/sks5/FLA7/DEG15/NA/HSP70",16
"GO:0048046","apoplast","17/490","194/14784",0.0876288659793814,2.64388807069219,4.26724818650234,0.000255410803367613,0.0135315516294563,0.0135315516294563,"AtHsp90.4/BETA/AtBG3/AtGLDP1/GOX1/AT-HSC70-1/ABCC3/AGP8/AXS2/AXY8/ATGER1/ATPME3/NA/sks5/ATSBT1.1/ATLFNR2/AtPME17",17
"GO:0030312","external encapsulating structure","28/490","413/14784",0.0677966101694915,2.0455205811138,3.98994176547409,0.000281907325613673,0.0135315516294563,0.0135315516294563,"AtHsp90.4/AtBG3/RUBY/ATPDI11/AT-HSC70-1/NA/PER3/ATCNX1/BIP/TUB3/ACT3/LRX4/GASA1/DGR2/TUA2/ATGER1/NA/AtBOR1/AtPAE6/ATRGP1/ATPME3/sks5/ATSBT1.1/NA/EXGT-A4/SCPL45/NA/NA",28
"GO:0009505","plant-type cell wall","26/490","383/14784",0.0678851174934726,2.04819097351734,3.84809616671345,0.000452228607522039,0.0162802298707934,0.0162802298707934,"AtHsp90.4/AtBG3/RUBY/ATPDI11/AT-HSC70-1/NA/PER3/ATCNX1/BIP/TUB3/ACT3/LRX4/GASA1/DGR2/TUA2/NA/AtPAE6/ATRGP1/ATPME3/sks5/ATSBT1.1/NA/EXGT-A4/SCPL45/NA/NA",26
"GO:0005618","cell wall","26/490","399/14784",0.0651629072681704,1.96605800214823,3.62190584792537,0.000831320626458339,0.0239420340420002,0.0239420340420002,"AtHsp90.4/AtBG3/RUBY/ATPDI11/AT-HSC70-1/NA/PER3/ATCNX1/BIP/TUB3/ACT3/LRX4/GASA1/DGR2/TUA2/NA/AtPAE6/ATRGP1/ATPME3/sks5/ATSBT1.1/NA/EXGT-A4/SCPL45/NA/NA",26
