"ID","Description","GeneRatio","BgRatio","RichFactor","FoldEnrichment","zScore","pvalue","p.adjust","qvalue","geneID","Count"
"GO:0004497","monooxygenase activity","15/291","125/14665",0.12,6.04742268041237,8.06355176537694,2.59731914555362e-08,6.44135148097298e-06,4.29951689115148e-06,"CYP716A1/CYP72A10/AtYUC6/CYP709B1/BAS1/CYP707A2/CYP94C1/CYP722A1/CYP71B36/CYP72A9/AtSBH2/CYP714A1/CYP93D1/CYP71B35/CYP79A2",15
"GO:0016705","oxidoreductase activity, acting on paired donors, with incorporation or reduction of molecular oxygen","15/291","165/14665",0.0909090909090909,4.58138081849422,6.58252283622698,1.02145879115611e-06,0.000126660890103358,8.45444683551733e-05,"CYP716A1/CYP72A10/NA/CYP76C4/CYP707A2/NA/CYP94C1/CYP71B36/CYP72A9/AtSBH2/CYP704A2/NA/CYP93D1/CYP71B35/CYP79A2",15
"GO:0004674","protein serine/threonine kinase activity","23/291","460/14665",0.05,2.51975945017182,4.71212768019217,4.73343325324907e-05,0.00391297148935256,0.00261185669851449,"LecRK-IX.1/GRACE/CRK25/AtCERK1/ATMKK2/RDA2/CRK10/LRK10L2/NA/EMB71/RLK1/LecRK-IX.2/CRCK2/NA/HT1/B120/ATCDPK3/ATCLV1/NA/ARK3/ATPPCK1/NA/APK2B",23
"GO:0016709","oxidoreductase activity, acting on paired donors, with incorporation or reduction of molecular oxygen, NAD(P)H as one donor, and incorporation of one atom of oxygen","6/291","44/14665",0.136363636363636,6.87207122774133,5.55025599758358,0.000217064032875125,0.0134579700382577,0.00898301694466132,"CYP716A1/CYP707A2/CYP71B36/CYP93D1/CYP71B35/CYP79A2",6
"GO:0046915","transition metal ion transmembrane transporter activity","6/291","54/14665",0.111111111111111,5.59946544482627,4.81779337573534,0.000672877105041779,0.0333747044100722,0.0222771736291928,"ATZIP6/COPT6/ATHMA2/ATNRAMP6/NA/AtVTL2",6
"GO:0004888","transmembrane signaling receptor activity","6/291","57/14665",0.105263157894737,5.30475673720383,4.63313081294489,0.000899664882268716,0.0371861484671069,0.0248212621098953,"AHK1/ATGLR3.2/AtCERK1/ATGLR3.6/ARK3/CEPR1",6
"GO:0044024","histone H2AS1 kinase activity","5/291","42/14665",0.119047619047619,5.99942726231386,4.61647576007932,0.00138611441631737,0.0429695469058385,0.0286816040504083,"GRACE/AtCERK1/LRK10L2/NA/APK2B",5
"GO:0140995","histone H2A kinase activity","5/291","42/14665",0.119047619047619,5.99942726231386,4.61647576007932,0.00138611441631737,0.0429695469058385,0.0286816040504083,"GRACE/AtCERK1/LRK10L2/NA/APK2B",5
