"category","subcategory","ID","Description","GeneRatio","BgRatio","RichFactor","FoldEnrichment","zScore","pvalue","p.adjust","qvalue","geneID","Count"
"Genetic Information Processing","Folding, sorting and degradation","ath04141","Protein processing in endoplasmic reticulum","7/38","139/3721",0.0503597122302158,4.93127603180613,4.79778250832475,0.00041686153176989,0.0145901536119462,0.0118476435345127,"AT5G56000/AT5G61790/AT3G62560/AT2G01650/AT5G02500/AT1G64230/AT5G49910",7
"Organismal Systems","Environmental adaptation","ath04626","Plant-pathogen interaction","6/38","132/3721",0.0454545454545455,4.45095693779904,4.1001730365289,0.00192746160469559,0.0337305780821729,0.0273902438562005,"AT5G56000/AT4G35310/AT3G57530/AT4G26470/AT3G22930/AT5G49480",6
