"category","subcategory","ID","Description","GeneRatio","BgRatio","RichFactor","FoldEnrichment","zScore","pvalue","p.adjust","qvalue","geneID","Count"
"Genetic Information Processing","Folding, sorting and degradation","ath04141","Protein processing in endoplasmic reticulum","8/47","139/3721",0.0575539568345324,4.55655900811266,4.83309632589522,0.000283744028411336,0.0124847372500988,0.011648439061097,"AT5G56000/AT2G04030/AT5G49910/AT1G64230/AT5G02500/AT3G62560/AT2G01650/AT5G61790",8
"Organismal Systems","Environmental adaptation","ath04626","Plant-pathogen interaction","7/47","132/3721",0.053030303030303,4.19842037395229,4.23142456141121,0.0011583349148715,0.0254833681271729,0.0237763482526254,"AT5G56000/AT5G49480/AT2G04030/AT3G57530/AT3G22930/AT4G35310/AT4G26470",7
